Subfamily,Genus,Genus.Species,colony_size,cs_source,cs_notes,nesting_strata,diet,status,morphism,notes_biology,
Ponerinae,Anochetus,Anochetus.mayri,12,Antwiki Wheeler 1908,,Leaf Litter,Predator,Native,Monomorphic,,
Myrmicinae,Aphaenogaster,Aphaenogaster.ashmeadi,175,Deyrup 2016,median value between 100-250,Ground,Predator,Native,Monomorphic,,
Myrmicinae,Aphaenogaster,Aphaenogaster.ashmeadi,423,Deyrup 2016,,Ground,Predator,Native,Monomorphic,,
Myrmicinae,Aphaenogaster,Aphaenogaster.ashmeadi,333,Van Pelt Ref in Deyrup,,Ground,Predator,Native,Monomorphic,,
Myrmicinae,Aphaenogaster,Aphaenogaster.carolinensis,16,Doug Booher Collection,Unpublished research,Ground/Leaf Litter,Predator,Native,Monomorphic,,
Myrmicinae,Aphaenogaster,Aphaenogaster.carolinensis,42,Doug Booher Collection,Unpublished research,Ground/Leaf Litter,Predator,Native,Monomorphic,,
Myrmicinae,Aphaenogaster,Aphaenogaster.flemingi,300,King,,Ground,Predator,Native,Monomorphic,,
Myrmicinae,Aphaenogaster,Aphaenogaster.floridana,50,King,,Ground,Predator,Native,Monomorphic,,
Myrmicinae,Aphaenogaster,Aphaenogaster.fulva,800,Deyrup 2016,Up to 800 workers,Ground,Predator,Native,Monomorphic,,
Myrmicinae,Aphaenogaster,Aphaenogaster.fulva,281,Burchill,,Ground,Predator,Native,Monomorphic,,
Myrmicinae,Aphaenogaster,Aphaenogaster.lamellidens,600,Deyrup 2016,Up to 600 workers,Ground/Arboreal,Predator,Native,Monomorphic,,
Myrmicinae,Aphaenogaster,Aphaenogaster.lamellidens,300,King,,Ground/Arboreal,Predator,Native,Monomorphic,,
Myrmicinae,Aphaenogaster,Aphaenogaster.miamiana/carolinensis,800,Deyrup 2016,"could be the same as carolinensis, up to 800 workers",Ground/Leaf Litter,Predator,Native,Monomorphic,native status really ukniwn,
Myrmicinae,Aphaenogaster,Aphaenogaster.rudis,738,"Talbot 1964 in ""Populations of ants in a Missouri Woodland""",,Ground/Leaf Litter,Omnivore,Native,Monomorphic," (not in book, but determined by Deyrup from Eglin AFB left)",
Myrmicinae,Aphaenogaster,Aphaenogaster.rudis,303,Burchill,,Ground/Leaf Litter,Omnivore,Native,Monomorphic," (not in book, but determined by Deyrup from Eglin AFB left)",
Myrmicinae,Aphaenogaster,Aphaenogaster.rudis,326,Burchill,,Ground/Leaf Litter,Omnivore,Native,Monomorphic," (not in book, but determined by Deyrup from Eglin AFB left)",
Myrmicinae,Aphaenogaster,Aphaenogaster.tennesseensis,600,Carrol 1975 ,Up to 600 workers,Ground,,Native,Monomorphic,"suspected parasite of other aphaenogaster, rare",
Myrmicinae,Aphaenogaster,Aphaenogaster.treatae,200,Deyrup 2016,,Ground,Omnivore,Native,Monomorphic,,
Myrmicinae,Aphaenogaster,Aphaenogaster.treatae,682,"Deyrup 2016, Burchill",65-1662,Ground,Omnivore,Native,Monomorphic,,
Myrmicinae,Aphaenogaster,Aphaenogaster.treatae,300,King,,Ground,Omnivore,Native,Monomorphic,,
Myrmicinae,Aphaenogaster,Aphaenogaster.umphreyi,,,,Ground,,Native,Monomorphic,Very little known about this,
Formicinae,Brachymyrmex,Brachymyrmex.depilis,22,Burchill,,Ground/Leaf Litter,Omnivore,Native,Monomorphic,,
Formicinae,Brachymyrmex,Brachymyrmex.depilis,200,King,,Ground/Leaf Litter,Omnivore,Native,Monomorphic,,
Formicinae,Camponotus,Camponotus.americanus (minor),3560,Burchill,,Ground,Omnivore,Native,Polymorphic,Nocturnal,
Formicinae,Camponotus,Camponotus.americanus (major),3560,Burchill,,Ground,Omnivore,Native,Polymorphic,Nocturnal,
Formicinae,Camponotus,Camponotus.caryae (minor),,,,Arboreal,,Native,Polymorphic,Very rare,
Formicinae,Camponotus,Camponotus.caryae (major) image not found,,,,Arboreal,,Native,Polymorphic,Very rare,
Formicinae,Camponotus,Camponotus.castaneus (minor),350,King,,Ground,Omnivore,Native,Polymorphic,Nocturnal,
Formicinae,Camponotus,Camponotus.castaneus (major),350,King,,Ground,Omnivore,Native,Polymorphic,Nocturnal,
Formicinae,Camponotus,Camponotus.decipiens (minor),,,,Arboreal,,Native,Polymorphic,,
Formicinae,Camponotus,Camponotus.decipiens (major),,,,Arboreal,,Native,Polymorphic,,
Formicinae,Camponotus,Camponotus.discolor (minor) image not found,70,King,,Arboreal,,Native,Polymorphic,Very rare,
Formicinae,Camponotus,Camponotus.discolor (major),70,King,,Arboreal,,Native,Polymorphic,Very rare,
Formicinae,Camponotus,Camponotus.floridanus (minor),10000,King,,Ground,Omnivore,Native,Polymorphic,,
Formicinae,Camponotus,Camponotus.floridanus (major),10000,King,,Ground,Omnivore,Native,Polymorphic,,
Formicinae,Camponotus,Camponotus.nearcticus (minor),69,Burchill,,Arboreal,Omnivore,Native,Polymorphic,,
Formicinae,Camponotus,Camponotus.nearcticus (minor),69,Burchill,,Arboreal,Omnivore,Native,Polymorphic,,
Formicinae,Camponotus,Camponotus.nearcticus (major),70,King,,Arboreal,Omnivore,Native,Polymorphic,,
Formicinae,Camponotus,Camponotus.nearcticus (major),70,King,,Arboreal,Omnivore,Native,Polymorphic,,
Formicinae,Camponotus,Camponotus.pennsylvanicus (minor) ,2222,Burchill,,Ground,Omnivore,Native,Polymorphic,,
Formicinae,Camponotus,Camponotus.pennsylvanicus (major),2222,Burchill,,Ground,Omnivore,Native,Polymorphic,,
Formicinae,Camponotus,Camponotus.snellingi (minor),,,,Ground/Leaf Litter,,Native,Polymorphic,,
Formicinae,Camponotus,Camponotus.snellingi (major),,,,Ground/Leaf Litter,,Native,Polymorphic,,
Formicinae,Camponotus,Camponotus.socius (minor),590,Burchill,,Ground,Omnivore,Native,Polymorphic,,Socius sizes:
Formicinae,Camponotus,Camponotus.socius (minor),590,Burchill,,Ground,Omnivore,Native,Polymorphic,,Socius sizes:
Formicinae,Camponotus,Camponotus.socius (major),350,King,,Ground,Omnivore,Native,Polymorphic,,590
Formicinae,Camponotus,Camponotus.socius (major),350,King,,Ground,Omnivore,Native,Polymorphic,,590
Myrmicinae,Cephalotes,Cephalotes.varians (minor),1000,Burchill,,Arboreal,Omnivore,Native,Polymorphic,"Nocturnal, mostly scavengers",217
Myrmicinae,Cephalotes,Cephalotes.varians (major),1000,Burchill,,Arboreal,Omnivore,Native,Polymorphic,"Nocturnal, mostly scavengers",124
Formicinae,Colobopsis,Colobopsis.impressa,180,Deyrup,"146±76 minors, 34±15 majors",Arboreal/Leaf Litter,,Native,Monomorphic,,106
Formicinae,Colobopsis,Colobopsis.obliquus,,,,Arboreal,,Native,Monomorphic,little known,71
Myrmicinae,Crematogaster,Crematogaster.ashmeadi,10000,King,,Arboreal,Omnivore,Native,Monomorphic,,2
Myrmicinae,Crematogaster,Crematogaster.atkinsoni,500,King,,Arboreal,Omnivore,Native,Monomorphic,tends to aphids,2
Myrmicinae,Crematogaster,Crematogaster.cerasi,,,hundreds according to antwiki,Ground/Leaf Litter,Omnivore,Native,Monomorphic,,212.75
Myrmicinae,Crematogaster,Crematogaster.lineolata,15,Doug Booher Collection,,Ground,,Native,Monomorphic,,
Myrmicinae,Crematogaster,Crematogaster.lineolata,178,Doug Booher Collection,,Ground,,Native,Monomorphic,,
Myrmicinae,Crematogaster,Crematogaster.lineolata,200,King,,Ground,,Native,Monomorphic,,
Myrmicinae,Crematogaster,Crematogaster.minutissima,313,Doug Booher Collection,,Leaf Litter,,Native,Monomorphic,Polygyne,
Myrmicinae,Crematogaster,Crematogaster.minutissima,208,Burchill,,Leaf Litter,,Native,Monomorphic,Polygyne,
Myrmicinae,Crematogaster,Crematogaster.minutissima,200,King,,Leaf Litter,,Native,Monomorphic,Polygyne,
Myrmicinae,Crematogaster,Crematogaster.missuriensis,,,,Ground,,Native,Monomorphic,,
Myrmicinae,Crematogaster,Crematogaster.pilosa,807,Loken & Oliver 2016,Average number of adults per multi-nest colony,Arboreal,,Native,Monomorphic,,
Myrmicinae,Crematogaster,Crematogaster.pinicola,40000,"Tschinkel 2002 paper, used conservative estimate but the max from this. Deyrup talks about how tschinkl's paper is likely on pinicola and not ashmeadi",,Arboreal,Omnivore,Native,Monomorphic,,
Myrmicinae,Crematogaster,Crematogaster.vermiculata,,,,Arboreal,,Native,Monomorphic,,
Ponerinae,Cryptopone,Cryptopone.gilva,100,Antwiki,But can also be in several hundred range,Ground,Predator,Native,Monomorphic,,
Myrmicinae,Cyphomyremx,Cyphomyrmex.minutus,150,King,,Ground,Fungus Gardener,Native,Monomorphic,,
Proceratiinae,Discothyrea,Discothyrea.testacea,15,Antwiki,10 to 20,Ground/Leaf Litter,Predator,Native,Monomorphic,,
Dolichoderinae,Dolichoderus,Dolichoderus.mariae,1265000,Laskis and Tschinkel 2009,"530,000 to 2 million from two colonies monitored across years, numbers represent peak census values",Ground,Omnivore,Native,Monomorphic,Polygyne and polydomous,
Dolichoderinae,Dolichoderus,Dolichoderus.pustulatus,1299,Kannowski 1967,https://www.researchgate.net/publication/233643599_Colony_Populations_of_Two_Species_of_Dolichoderus_Hymenoptera_Formicidae,Arboreal/Ground,Omnivore,Native,Monomorphic,Monogyne?,
Dolichoderinae,Dorymyrmex,Dorymyrmex.bossuta (?bossutus),1000,King,,Ground,Omnivore,Native,Monomorphic,,
Dolichoderinae,Dorymyrmex,Dorymyrmex.bureni,1000,King,,Ground,Omnivore,Native,Monomorphic,Monodomous,
Dolichoderinae,Dorymyrmex,Dorymyrmex.elegans,1000,King,,Ground,,Native,Monomorphic,,
Dolichoderinae,Dorymyrmex,Dorymyrmex.flavopectus,,,,Ground,,Native,Monomorphic,rare,
Dolichoderinae,Dorymyrmex,Dorymyrmex.grandula (?grandulus),1000,King,,Ground,,Native,Monomorphic,rare,
Dolichoderinae,Dorymyrmex,Dorymyrmex.reginicula,1000,King,,Ground,,Native,Monomorphic,"rare parasite, monodomous",
Myrmicinae,Eurhopalothrix,Eurhopalothrix.floridana,100,Booher,less than 100 (personal info),Leaf Litter,Predator,Native,Monomorphic,,
Dolichoderinae,Forelius,Forelius.pruinosus,10000,King,,Ground,Omnivore,Native,Monomorphic,"Diurnal, polydomous, polygynous",
Formicinae,Formica,Formica.archboldi,1210,Deyrup,,Ground,Omnivore,Native,Monomorphic,,
Formicinae,Formica,Formica.archboldi,500,King,,Ground,Omnivore,Native,Monomorphic,,
Formicinae,Formica,Formica.archboldi,493,King 2007,493 plus/minus 173,Ground,Omnivore,Native,Monomorphic,,
Formicinae,Formica,Formica.biophilica,,,,Ground,,Native,Monomorphic,,
Formicinae,Formica,Formica.dolosa,630,King 2007,630 plus minus 86,Ground,,Native,Monomorphic,,
Formicinae,Formica,Formica.pallidefulva,424,King 2007,424 plus minus 30,Ground,Omnivore,Native,Monomorphic,,
Formicinae,Formica,Formica.subsericea,8916,Burchill,,Ground,Omnivore,Native,Monomorphic,,
Ponerinae,Gnamptogenys,Gnamptogenys.triangularis,100,Lattke 1990 in Deyrup,80-120,Ground,Predator,Native,Monomorphic,,
Ponerinae,Hypoponera,Hypoponera.inexorata,12,Burchill,reportedly less than 20,Ground/Leaf Litter,Predator,Native,Monomorphic,,
Ponerinae,Hypoponera,Hypoponera.inexorata,50,King,reportedly less than 20,Ground/Leaf Litter,Predator,Native,Monomorphic,,
Ponerinae,Hypoponera,Hypoponera.opacior,50,King 2007,,Ground/Leaf Litter,Predator,Native,Monomorphic,,
Formicinae,Lasius,Lasius.americanus,3000,Burchill,,Ground,Omnivore,Native,Monomorphic,,
Formicinae,Lasius,Lasius.interjectus,,,,Ground,Omnivore,Native,Monomorphic,,
Formicinae,Lasius,Lasius.neoniger,,Deyrup,Over 1000 including larvae,Ground,Omnivore,Native,Monomorphic,", monogynous",
Ponerinae,Leptogenys,Leptogenys.manni,,,,Ground,Predator,Native,Monomorphic,"Reproduction through fission, nocturnal",
Myrmicinae,Monomorium,Monomorium.trageri,,,,Ground/Arboreal,Omnivore,Native,Monomorphic,Flightless queens,
Myrmicinae,Monomorium,Monomorium.viridum (only one set of phots),10000,King,,Ground,,Native,Monomorphic,Polygyne,
Myrmicinae,Myrmecina,Myrmecina.americana,24,Burchill,,Ground,Predator,Native,Monomorphic,,
Myrmicinae,Myrmecina,Myrmecina.americana,50,King,,Ground,Predator,Native,Monomorphic,,
Myrmicinae,Myrmica,Myrmica.punctiventris,13,Burchill,,Leaf Litter,Omnivore,Native,Monomorphic,,
Myrmicinae,Myrmica,Myrmica.punctiventris,86,Burchill,,Leaf Litter,Omnivore,Native,Monomorphic,,
Myrmicinae,Myrmica,Myrmica.punctiventris,50,Deyrup,,Leaf Litter,Omnivore,Native,Monomorphic,,
Ecitoninae,Neivamyrmex,Neivamyrmex.carolinensis,110000,Burchill,,Ground,Predator,Native,Polymorphic,,
Ecitoninae,Neivamyrmex,Neivamyrmex.carolinensis,30000,King,,Ground,Predator,Native,Polymorphic,,
Ecitoninae,Neivamyrmex,Neivamyrmex.nigrescens,10000,Deyrup,,Ground,Predator,Native,Polymorphic,,
Ecitoninae,Neivamyrmex,Neivamyrmex.nigrescens,30000,Burchill,,Ground,Predator,Native,Polymorphic,,
Ecitoninae,Neivamyrmex,Neivamyrmex.nigrescens,110000,Burchill,,Ground,Predator,Native,Polymorphic,,
Ecitoninae,Neivamyrmex,Neivamyrmex.opacithorax,30000,King,,Ground,Predator,Native,Polymorphic,,
Ecitoninae,Neivamyrmex,Neivamyrmex.pilosus,,,,Ground,Predator,Native,Polymorphic,,
Ecitoninae,Neivamyrmex,Neivamyrmex.texanus,30000,King,,Ground,Predator,Native,Polymorphic,,
Formicinae,Nylanderia,Nylanderia.arenivaga,100,King,,Ground,Predator,Native,Monomorphic,,
Formicinae,Nylanderia,Nylanderia.concinna,100,King,,Ground,,Native,Monomorphic,,
Formicinae,Nylanderia,Nylanderia.faisonensis,22,Doug Booher Collection,,Leaf Litter,Omnivore,Native,Monomorphic,,
Formicinae,Nylanderia,Nylanderia.faisonensis,64,Doug Booher Collection,,Leaf Litter,Omnivore,Native,Monomorphic,,
Formicinae,Nylanderia,Nylanderia.faisonensis,268,Burchill,,Leaf Litter,Omnivore,Native,Monomorphic,,
Formicinae,Nylanderia,Nylanderia.faisonensis,100,King,,Leaf Litter,Omnivore,Native,Monomorphic,,
Formicinae,Nylanderia,Nylanderia.parvula,100,King,,Ground,,Native,Monomorphic,,
Formicinae,Nylanderia,Nylanderia.phantasma,100,King,,Ground,Predator,Native,Monomorphic,Nocturnal,
Formicinae,Nylanderia,Nylanderia.vividula,200,pers comm j williams,100-300,Leaf Litter,,Native,Monomorphic,?,
Formicinae,Nylanderia,Nylanderia.wojciki,100,King,,Ground,,Native,Monomorphic,,
Ponerinae,Odontomachus,Odontomachus.brunneus,65,Burchill,,Ground,Predator,Native,Monomorphic,,
Ponerinae,Odontomachus,Odontomachus.brunneus,200,King,,Ground,Predator,Native,Monomorphic,,
Ponerinae,Odontomachus,Odontomachus.relictus,200,King,,Ground,Predator,Native,Monomorphic,,
Myrmicinae,Pheidole,Pheidole.adrianoi (minor),350,King,,Ground,Omnivore,Native,Polymorphic,,
Myrmicinae,Pheidole,Pheidole.adrianoi (minor),300,Deyrup,"60 majors, 240 minors",Ground,Omnivore,Native,Polymorphic,,
Myrmicinae,Pheidole,Pheidole.adrianoi (major),350,King,,Ground,Omnivore,Native,Polymorphic,,
Myrmicinae,Pheidole,Pheidole.adrianoi (major),300,Deyrup,"60 majors, 240 minors",Ground,Omnivore,Native,Polymorphic,,
Myrmicinae,Pheidole,Pheidole.bicarinata (minor),200,Deyrup,,Ground,Omnivore,Native,Polymorphic,,
Myrmicinae,Pheidole,Pheidole.bicarinata (major),200,Deyrup,,Ground,Omnivore,Native,Polymorphic,,
Myrmicinae,Pheidole,Pheidole.bilimeki Minor (Deyrup called floridana),1000,"Deyrup, King",,Ground,Predator,Native,Polymorphic,,
Myrmicinae,Pheidole,Pheidole.bilimeki Major (Deyrup called floridana),1000,"Deyrup, King",,Ground,Predator,Native,Polymorphic,,
Myrmicinae,Pheidole,Pheidole.carrolli (Minor),,,,Ground,Herbivores,Native,Polymorphic,,
Myrmicinae,Pheidole,Pheidole.carrolli (Major),,,,Ground,Herbivores,Native,Polymorphic,,
Myrmicinae,Pheidole,Pheidole.crassicornis (Minor),,,,Ground,Omnivore,Native,Polymorphic,,
Myrmicinae,Pheidole,Pheidole.crassicornis (Major),,,,Ground,Omnivore,Native,Polymorphic,,
Myrmicinae,Pheidole,Pheidole.dentata (Minor),946,Burchill,,Ground,Omnivore,Native,Polymorphic,,
Myrmicinae,Pheidole,Pheidole.dentata (Minor),946,Burchill,,Ground,Omnivore,Native,Polymorphic,,
Myrmicinae,Pheidole,Pheidole.dentata (Major),800,King,,Ground,Omnivore,Native,Polymorphic,,
Myrmicinae,Pheidole,Pheidole.dentata (Major),800,King,,Ground,Omnivore,Native,Polymorphic,,
Myrmicinae,Pheidole,Pheidole.dentigula (Minor),300,King,,Ground/Leaf Litter,,Native,Polymorphic,,
Myrmicinae,Pheidole,Pheidole.dentigula (Major),300,King,,Ground/Leaf Litter,,Native,Polymorphic,,
Myrmicinae,Pheidole,Pheidole.diversipilosa (Minor),1000,Antwiki,"""can exceed 1000 workers""",Ground,Herbivores,Native,Polymorphic,,
Myrmicinae,Pheidole,Pheidole.diversipilosa (Major),1000,Antwiki,"""can exceed 1000 workers""",Ground,Herbivores,Native,Polymorphic,,
Myrmicinae,Pheidole,Pheidole.lamia (Minor),1200,Deyrup,,Ground,,Native,Polymorphic,,
Myrmicinae,Pheidole,Pheidole.lamia (Major),1200,Deyrup,,Ground,,Native,Polymorphic,,
Myrmicinae,Pheidole,Pheidole.littoralis (Minor),,,,Ground,Herbivores,Native,Polymorphic,,
Myrmicinae,Pheidole,Pheidole.littoralis (Major),,,,Ground,Herbivores,Native,Polymorphic,,
Myrmicinae,Pheidole,Pheidole.metallescens (Minor),534,Deyrup,,Ground,Omnivore,Native,Polymorphic,,
Myrmicinae,Pheidole,Pheidole.metallescens (Major),534,Deyrup,,Ground,Omnivore,Native,Polymorphic,,
Myrmicinae,Pheidole,Pheidole.metallescens (Minor),1000,King,,Ground,Omnivore,Native,Polymorphic,,
Myrmicinae,Pheidole,Pheidole.metallescens (Major),1000,King,,Ground,Omnivore,Native,Polymorphic,,
Myrmicinae,Pheidole,Pheidole.morrisii (Minor),2500,"Burchill, King",,Ground,Omnivore,Native,Polymorphic,,
Myrmicinae,Pheidole,Pheidole.morrisii (Major),2500,"Burchill, King",,Ground,Omnivore,Native,Polymorphic,,
Myrmicinae,Pheidole,Pheidole.tysoni (Minor),,,,Ground,Herbivore,Native,Polymorphic,,
Myrmicinae,Pheidole,Pheidole.tysoni (Major),,,,Ground,Herbivore,Native,Polymorphic,,
Myrmicinae,Pogonomyrmex,Pogonomyrmex.badius (Minor),2568,Burchill,,Ground,Herbivore,Native,Polymorphic,,
Myrmicinae,Pogonomyrmex,Pogonomyrmex.badius (Minor),4300,Burchill,,Ground,Herbivore,Native,Polymorphic,,
Myrmicinae,Pogonomyrmex,Pogonomyrmex.badius (Minor),4736,Burchill,,Ground,Herbivore,Native,Polymorphic,,
Myrmicinae,Pogonomyrmex,Pogonomyrmex.badius (Minor),4500,King,,Ground,Herbivore,Native,Polymorphic,,
Myrmicinae,Pogonomyrmex,Pogonomyrmex.badius (Major),2568,Burchill,,Ground,Herbivore,Native,Polymorphic,,
Myrmicinae,Pogonomyrmex,Pogonomyrmex.badius (Major),4300,Burchill,,Ground,Herbivore,Native,Polymorphic,,
Myrmicinae,Pogonomyrmex,Pogonomyrmex.badius (Major),4736,Burchill,,Ground,Herbivore,Native,Polymorphic,,
Myrmicinae,Pogonomyrmex,Pogonomyrmex.badius (Major),4500,King,,Ground,Herbivore,Native,Polymorphic,,
Ponerinae,Ponera,Ponera.exotica,50,King,,Ground,Predator,Native,Monomorphic,,
Ponerinae,Ponera,Ponera.pennsylvanica,7,Doug Booher Collection,,Ground/Leaf Litter,Predator,Native,Monomorphic,,
Ponerinae,Ponera,Ponera.pennsylvanica,14,Doug Booher Collection,,Ground/Leaf Litter,Predator,Native,Monomorphic,,
Ponerinae,Ponera,Ponera.pennsylvanica,5,Burchill,,Ground/Leaf Litter,Predator,Native,Monomorphic,,
Formicinae,Prenolepis,Prenolepis.imparis,1500,"Talbot 1964 in ""Populations of ants in a Missouri Woodland""",,Ground,Omnivore,Native,Monomorphic,,
Formicinae,Prenolepis,Prenolepis.imparis,1600,Burchill,,Ground,Omnivore,Native,Monomorphic,,
Formicinae,Prenolepis,Prenolepis.imparis,3370,Burchill,,Ground,Omnivore,Native,Monomorphic,,
Proceratiinae,Proceratium,Proceratium.chickasaw,,,,Ground/Leaf Litter,Predator,Native,Monomorphic,,
Proceratiinae,Proceratium,Proceratium.crassicorne,30,Antwiki,,Ground/Leaf Litter,Predator,Native,Monomorphic,,
Proceratiinae,Proceratium,Proceratium.creek,,,,Ground,Predator,Native,Monomorphic,,
Proceratiinae,Proceratium,Proceratium.croceum,30,Deyrup,,Ground,Predator,Native,Monomorphic,,
Proceratiinae,Proceratium,Proceratium.pergandei,28,Burchill,,Ground,Predator,Native,Monomorphic,,
Proceratiinae,Proceratium,Proceratium.pergandei,25,King,,Ground,Predator,Native,Monomorphic,,
Proceratiinae,Proceratium,Proceratium.silaceum,28,Burchill,,Ground,Predator,Native,Monomorphic,,
Pseudomyrmecinae,Pseudomyrmex,Pseudomyrmex.leptosus,,Deyrup,0,Arboreal,Omnivore,Native,Monomorphic,Workerless parasite,
Pseudomyrmecinae,Pseudomyrmex,Pseudomyrmex.seminole,,,,Ground,,Native,Monomorphic,"Possible parasite, rarely sampled",
Pseudomyrmecinae,Pseudomyrmex,Pseudomyrmex.simplex,,,,Arboreal,Omnivore,Native,Monomorphic,,
Ponerinae,Pseudoponera,Pseudoneoponera.stigma,9,Burchill,,Ground,Predator,Native,Monomorphic,,
Myrmicinae,Solenopsis,Solenopsis.carolinensis,200,King,,Ground,Omnivore,Native,Monomorphic,Polgynous,
Myrmicinae,Solenopsis,Solenopsis.picta (zeteki is arboreal as well),,,,Arboreal,,Native,Monomorphic,,
Myrmicinae,Stenamma,Stenamma.foveolocephalum,,,,Ground,Predator,Native,Monomorphic,Very rare,
Myrmicinae,Stenamma,"Stenamma.impar (not listed by Deyrup, check this record)",54,Burchill,,Ground,Omnivore,Native,Monomorphic,,
Amblyoponinae,Stigmatomma,Stigmatomma.pallipes,13,Deyrup,19 to 16,Ground,Predator,Native,Monomorphic,,
Amblyoponinae,Stigmatomma,Stigmatomma.pallipes,10,King,,Ground,Predator,Native,Monomorphic,,
Myrmicinae,Strumigenys,Strumigenys.abdita,,,,Ground,Predator,Native,Monomorphic,Very rare,
Myrmicinae,Strumigenys,Strumigenys.angulata,,,,Leaf Litter,Predator,Native,Monomorphic,Very rare,
Myrmicinae,Strumigenys,Strumigenys.apalachicolensis (no image of eye available),332,Deyrup,,Leaf Litter,Predator,Native,Monomorphic,,
Myrmicinae,Strumigenys,Strumigenys.archboldi,,,,Leaf Litter,Predator,Native,Monomorphic,,
Myrmicinae,Strumigenys,Strumigenys.boltoni,,,,Leaf Litter,Predator,Native,Monomorphic,,
Myrmicinae,Strumigenys,Strumigenys.brevisetosa (was pilinasis) (No image with eye available),,,,Ground/Leaf Litter,Predator,Native,Monomorphic,,
Myrmicinae,Strumigenys,Strumigenys.bunki,40,King,,Leaf Litter,Predator,Native,Monomorphic,,
Myrmicinae,Strumigenys,Strumigenys.carolinensis,,,,Leaf Litter,Predator,Native,Monomorphic,,
Myrmicinae,Strumigenys,Strumigenys.cloydi,50,Deyrup,,Ground,Predator,Native,Monomorphic,Found under log in references within Deyrup,
Myrmicinae,Strumigenys,Strumigenys.clypeata,50,King,,Leaf Litter,Predator,Native,Monomorphic,,
Myrmicinae,Strumigenys,Strumigenys.clypeata,62,?,,Leaf Litter,Predator,Native,Monomorphic,,
Myrmicinae,Strumigenys,Strumigenys.creightoni,34,Doug Booher Collection,,Leaf Litter,Predator,Native,Monomorphic,,
Myrmicinae,Strumigenys,Strumigenys.creightoni,50,King,,Leaf Litter,Predator,Native,Monomorphic,,
Myrmicinae,Strumigenys,Strumigenys.deyrupi,50,King,,Leaf Litter,Predator,Native,Monomorphic,,
Myrmicinae,Strumigenys,Strumigenys.dietrichi,50,King,,Ground,Predator,Native,Monomorphic,But from rotten wood…?,
Myrmicinae,Strumigenys,Strumigenys.dietrichi,80,Deyrup,,Ground,Predator,Native,Monomorphic,But from rotten wood…?,
Myrmicinae,Strumigenys,Strumigenys.laevinasis,14,Doug Booher Collection,,Leaf Litter,Predator,Native,Monomorphic,,
Myrmicinae,Strumigenys,Strumigenys.louisianae,118,Deyrup,"usually small, but max 118",Leaf Litter,Predator,Native,Monomorphic,,
Myrmicinae,Strumigenys,Strumigenys.missouriensis,48,Doug Booher Collection,,Leaf Litter,Predator,Native,Monomorphic,,
Myrmicinae,Strumigenys,Strumigenys.missouriensis,50,Doug Booher Collection,,Leaf Litter,Predator,Native,Monomorphic,,
Myrmicinae,Strumigenys,Strumigenys.ornata,20,Wesson & Wesson 1939 via Antwiki,,Leaf Litter,Predator,Native,Monomorphic,,
Myrmicinae,Strumigenys,Strumigenys.pilinasis (was ohioensis) (no image with eye available),56,Doug Booher Collection,,Ground/Leaf Litter,Predator,Native,Monomorphic,,
Myrmicinae,Strumigenys,Strumigenys.pilinasis (was ohioensis) (no image with eye available),11,Doug Booher Collection,,Ground/Leaf Litter,Predator,Native,Monomorphic,,
Myrmicinae,Strumigenys,Strumigenys.pilinasis (was ohioensis) (no image with eye available),21,Doug Booher Collection,,Ground/Leaf Litter,Predator,Native,Monomorphic,,
Myrmicinae,Strumigenys,Strumigenys.pilinasis (was ohioensis) (no image with eye available),,Doug Booher Collection,,Ground/Leaf Litter,Predator,Native,Monomorphic,,
Myrmicinae,Strumigenys,Strumigenys.pilinasis (was ohioensis) (no image with eye available),38,Doug Booher Collection,,Ground/Leaf Litter,Predator,Native,Monomorphic,,
Myrmicinae,Strumigenys,Strumigenys.pilinasis (was ohioensis) (no image with eye available),34,Doug Booher Collection,,Ground/Leaf Litter,Predator,Native,Monomorphic,,
Myrmicinae,Strumigenys,Strumigenys.pilinasis (was ohioensis) (no image with eye available),15,Doug Booher Collection,,Ground/Leaf Litter,Predator,Native,Monomorphic,,
Myrmicinae,Strumigenys,Strumigenys.pilinasis (was ohioensis) (no image with eye available),32,Doug Booher Collection,,Ground/Leaf Litter,Predator,Native,Monomorphic,,
Myrmicinae,Strumigenys,Strumigenys.pilinasis (was ohioensis) (no image with eye available),22,Doug Booher Collection,,Ground/Leaf Litter,Predator,Native,Monomorphic,,
Myrmicinae,Strumigenys,Strumigenys.pilinasis (was ohioensis) (no image with eye available),,Doug Booher Collection,,Ground/Leaf Litter,Predator,Native,Monomorphic,,
Myrmicinae,Strumigenys,Strumigenys.pilinasis (was ohioensis) (no image with eye available),22,Doug Booher Collection,,Ground/Leaf Litter,Predator,Native,Monomorphic,,
Myrmicinae,Strumigenys,Strumigenys.pilinasis (was ohioensis) (no image with eye available),24,Doug Booher Collection,,Ground/Leaf Litter,Predator,Native,Monomorphic,,
Myrmicinae,Strumigenys,Strumigenys.pilinasis (was ohioensis) (no image with eye available),38,Doug Booher Collection,,Ground/Leaf Litter,Predator,Native,Monomorphic,,
Myrmicinae,Strumigenys,Strumigenys.pilinasis (was ohioensis) (no image with eye available),24,Doug Booher Collection,,Ground/Leaf Litter,Predator,Native,Monomorphic,,
Myrmicinae,Strumigenys,Strumigenys.pilinasis (was ohioensis) (no image with eye available),45,Doug Booher Collection,,Ground/Leaf Litter,Predator,Native,Monomorphic,,
Myrmicinae,Strumigenys,Strumigenys.pilinasis (was ohioensis) (no image with eye available),43,Doug Booher Collection,,Ground/Leaf Litter,Predator,Native,Monomorphic,,
Myrmicinae,Strumigenys,Strumigenys.pilinasis (was ohioensis) (no image with eye available),17,Doug Booher Collection,,Ground/Leaf Litter,Predator,Native,Monomorphic,,
Myrmicinae,Strumigenys,Strumigenys.pilinasis (was ohioensis) (no image with eye available),30,Doug Booher Collection,,Ground/Leaf Litter,Predator,Native,Monomorphic,,
Myrmicinae,Strumigenys,Strumigenys.pilinasis (was ohioensis) (no image with eye available),28,Doug Booher Collection,,Ground/Leaf Litter,Predator,Native,Monomorphic,,
Myrmicinae,Strumigenys,Strumigenys.pilinasis (was ohioensis) (no image with eye available),38,Doug Booher Collection,,Ground/Leaf Litter,Predator,Native,Monomorphic,,
Myrmicinae,Strumigenys,Strumigenys.pilinasis (was ohioensis) (no image with eye available),49,Doug Booher Collection,,Ground/Leaf Litter,Predator,Native,Monomorphic,,
Myrmicinae,Strumigenys,Strumigenys.pilinasis (was ohioensis) (no image with eye available),15,Doug Booher Collection,,Ground/Leaf Litter,Predator,Native,Monomorphic,,
Myrmicinae,Strumigenys,Strumigenys.pilinasis (was ohioensis) (no image with eye available),43,Doug Booher Collection,,Ground/Leaf Litter,Predator,Native,Monomorphic,,
Myrmicinae,Strumigenys,Strumigenys.pilinasis (was ohioensis) (no image with eye available),11,Doug Booher Collection,,Ground/Leaf Litter,Predator,Native,Monomorphic,,
Myrmicinae,Strumigenys,Strumigenys.pilinasis (was ohioensis) (no image with eye available),8,Doug Booher Collection,,Ground/Leaf Litter,Predator,Native,Monomorphic,,
Myrmicinae,Strumigenys,Strumigenys.pilinasis (was ohioensis) (no image with eye available),18,Doug Booher Collection,,Ground/Leaf Litter,Predator,Native,Monomorphic,,
Myrmicinae,Strumigenys,Strumigenys.pilinasis (was ohioensis) (no image with eye available),12,Doug Booher Collection,,Ground/Leaf Litter,Predator,Native,Monomorphic,,
Myrmicinae,Strumigenys,Strumigenys.pilinasis (was ohioensis) (no image with eye available),12,Doug Booher Collection,,Ground/Leaf Litter,Predator,Native,Monomorphic,,
Myrmicinae,Strumigenys,Strumigenys.pilinasis (was ohioensis) (no image with eye available),27,Doug Booher Collection,,Ground/Leaf Litter,Predator,Native,Monomorphic,,
Myrmicinae,Strumigenys,Strumigenys.pilinasis (was ohioensis) (no image with eye available),28,Doug Booher Collection,,Ground/Leaf Litter,Predator,Native,Monomorphic,,
Myrmicinae,Strumigenys,Strumigenys.pilinasis (was ohioensis) (no image with eye available),55,Doug Booher Collection,,Ground/Leaf Litter,Predator,Native,Monomorphic,,
Myrmicinae,Strumigenys,Strumigenys.pilinasis (was ohioensis) (no image with eye available),3,Doug Booher Collection,,Ground/Leaf Litter,Predator,Native,Monomorphic,,
Myrmicinae,Strumigenys,Strumigenys.pilinasis (was ohioensis) (no image with eye available),30,Doug Booher Collection,,Ground/Leaf Litter,Predator,Native,Monomorphic,,
Myrmicinae,Strumigenys,Strumigenys.pilinasis (was ohioensis) (no image with eye available),7,Doug Booher Collection,,Ground/Leaf Litter,Predator,Native,Monomorphic,,
Myrmicinae,Strumigenys,Strumigenys.pilinasis (was ohioensis) (no image with eye available),5,Doug Booher Collection,,Ground/Leaf Litter,Predator,Native,Monomorphic,,
Myrmicinae,Strumigenys,Strumigenys.pilinasis (was ohioensis) (no image with eye available),16,Doug Booher Collection,,Ground/Leaf Litter,Predator,Native,Monomorphic,,
Myrmicinae,Strumigenys,Strumigenys.pilinasis (was ohioensis) (no image with eye available),52,Doug Booher Collection,,Ground/Leaf Litter,Predator,Native,Monomorphic,,
Myrmicinae,Strumigenys,Strumigenys.pulchella,,,,Ground/Leaf Litter,Predator,Native,Monomorphic,,
Myrmicinae,Strumigenys,Strumigenys.reflexa,,,,Ground/Leaf Litter,Predator,Native,Monomorphic,,
Myrmicinae,Strumigenys,Strumigenys.rostrata,11,Doug Booher Collection,,Leaf Litter,Predator,Native,Monomorphic,,
Myrmicinae,Strumigenys,Strumigenys.rostrata,5,Doug Booher Collection,,Leaf Litter,Predator,Native,Monomorphic,,
Myrmicinae,Strumigenys,Strumigenys.rostrata,30,Doug Booher Collection,,Leaf Litter,Predator,Native,Monomorphic,,
Myrmicinae,Strumigenys,Strumigenys.rostrata,27,Doug Booher Collection,,Leaf Litter,Predator,Native,Monomorphic,,
Myrmicinae,Strumigenys,Strumigenys.rostrata,56,Doug Booher Collection,,Leaf Litter,Predator,Native,Monomorphic,,
Myrmicinae,Strumigenys,Strumigenys.rostrata,19,Doug Booher Collection,,Leaf Litter,Predator,Native,Monomorphic,,
Myrmicinae,Strumigenys,Strumigenys.talpa,60,Wesson & Wesson 1939 via Antwiki,,Leaf Litter,Predator,Native,Monomorphic,,
Myrmicinae,Strumigenys,Strumigenys.talpa,8,Doug Booher Collection,,Leaf Litter,Predator,Native,Monomorphic,,
Myrmicinae,Strumigenys,Strumigenys.talpa,121,Doug Booher Collection,,Leaf Litter,Predator,Native,Monomorphic,,
Myrmicinae,Strumigenys,Strumigenys.talpa,25,Doug Booher Collection,,Leaf Litter,Predator,Native,Monomorphic,,
Myrmicinae,Strumigenys,Strumigenys.talpa,20,Doug Booher Collection,,Leaf Litter,Predator,Native,Monomorphic,,
Myrmicinae,Strumigenys,Strumigenys.talpa,1,Doug Booher Collection,,Leaf Litter,Predator,Native,Monomorphic,,
Dolichoderinae,Tapinoma,Tapinoma.litorale,20,Jack Longino via Antwiki,,Ground,Omnivore,Native,Monomorphic,,
Dolichoderinae,Tapinoma,Tapinoma.sessile,300,Burchill,,Ground/Arboreal,Omnivore,Native,Monomorphic,,
Myrmicinae,Temnothorax,Temnothorax.bradleyi,50,King,,Arboreal,Omnivore,Native,Monomorphic,,
Myrmicinae,Temnothorax,Temnothorax.curvispinosus,48,Doug Booher Collection,,Leaf Litter/ Arboreal,Omnivore,Native,Monomorphic,,
Myrmicinae,Temnothorax,Temnothorax.curvispinosus,136,Doug Booher Collection,,Leaf Litter/ Arboreal,Omnivore,Native,Monomorphic,,
Myrmicinae,Temnothorax,Temnothorax.curvispinosus,161,Doug Booher Collection,,Leaf Litter/ Arboreal,Omnivore,Native,Monomorphic,,
Myrmicinae,Temnothorax,Temnothorax.curvispinosus,179,Doug Booher Collection,,Leaf Litter/ Arboreal,Omnivore,Native,Monomorphic,,
Myrmicinae,Temnothorax,Temnothorax.curvispinosus,13,Doug Booher Collection,,Leaf Litter/ Arboreal,Omnivore,Native,Monomorphic,,
Myrmicinae,Temnothorax,Temnothorax.curvispinosus,53,Doug Booher Collection,,Leaf Litter/ Arboreal,Omnivore,Native,Monomorphic,,
Myrmicinae,Temnothorax,Temnothorax.curvispinosus,76,Doug Booher Collection,,Leaf Litter/ Arboreal,Omnivore,Native,Monomorphic,,
Myrmicinae,Temnothorax,Temnothorax.curvispinosus,110,Doug Booher Collection,,Leaf Litter/ Arboreal,Omnivore,Native,Monomorphic,,
Myrmicinae,Temnothorax,Temnothorax.curvispinosus,38,Doug Booher Collection,,Leaf Litter/ Arboreal,Omnivore,Native,Monomorphic,,
Myrmicinae,Temnothorax,Temnothorax.curvispinosus,31,Doug Booher Collection,,Leaf Litter/ Arboreal,Omnivore,Native,Monomorphic,,
Myrmicinae,Temnothorax,Temnothorax.curvispinosus,67,Doug Booher Collection,,Leaf Litter/ Arboreal,Omnivore,Native,Monomorphic,,
Myrmicinae,Temnothorax,Temnothorax.curvispinosus,26,Doug Booher Collection,,Leaf Litter/ Arboreal,Omnivore,Native,Monomorphic,,
Myrmicinae,Temnothorax,Temnothorax.curvispinosus,35,Doug Booher Collection,,Leaf Litter/ Arboreal,Omnivore,Native,Monomorphic,,
Myrmicinae,Temnothorax,Temnothorax.curvispinosus,67,Doug Booher Collection,,Leaf Litter/ Arboreal,Omnivore,Native,Monomorphic,,
Myrmicinae,Temnothorax,Temnothorax.curvispinosus,7,Doug Booher Collection,,Leaf Litter/ Arboreal,Omnivore,Native,Monomorphic,,
Myrmicinae,Temnothorax,Temnothorax.curvispinosus,6,Doug Booher Collection,,Leaf Litter/ Arboreal,Omnivore,Native,Monomorphic,,
Myrmicinae,Temnothorax,Temnothorax.curvispinosus,141,Doug Booher Collection,,Leaf Litter/ Arboreal,Omnivore,Native,Monomorphic,,
Myrmicinae,Temnothorax,Temnothorax.curvispinosus,14,Doug Booher Collection,,Leaf Litter/ Arboreal,Omnivore,Native,Monomorphic,,
Myrmicinae,Temnothorax,Temnothorax.curvispinosus,28,Doug Booher Collection,,Leaf Litter/ Arboreal,Omnivore,Native,Monomorphic,,
Myrmicinae,Temnothorax,Temnothorax.curvispinosus,37,Doug Booher Collection,,Leaf Litter/ Arboreal,Omnivore,Native,Monomorphic,,
Myrmicinae,Temnothorax,Temnothorax.curvispinosus,13,Doug Booher Collection,,Leaf Litter/ Arboreal,Omnivore,Native,Monomorphic,,
Myrmicinae,Temnothorax,Temnothorax.curvispinosus,71,Doug Booher Collection,,Leaf Litter/ Arboreal,Omnivore,Native,Monomorphic,,
Myrmicinae,Temnothorax,Temnothorax.curvispinosus,18,Doug Booher Collection,,Leaf Litter/ Arboreal,Omnivore,Native,Monomorphic,,
Myrmicinae,Temnothorax,Temnothorax.curvispinosus,26,Doug Booher Collection,,Leaf Litter/ Arboreal,Omnivore,Native,Monomorphic,,
Myrmicinae,Temnothorax,Temnothorax.curvispinosus,30,Doug Booher Collection,,Leaf Litter/ Arboreal,Omnivore,Native,Monomorphic,,
Myrmicinae,Temnothorax,Temnothorax.curvispinosus,45,Doug Booher Collection,,Leaf Litter/ Arboreal,Omnivore,Native,Monomorphic,,
Myrmicinae,Temnothorax,Temnothorax.curvispinosus,13,Doug Booher Collection,,Leaf Litter/ Arboreal,Omnivore,Native,Monomorphic,,
Myrmicinae,Temnothorax,Temnothorax.curvispinosus,5,Doug Booher Collection,,Leaf Litter/ Arboreal,Omnivore,Native,Monomorphic,,
Myrmicinae,Temnothorax,Temnothorax.curvispinosus,95,Doug Booher Collection,,Leaf Litter/ Arboreal,Omnivore,Native,Monomorphic,,
Myrmicinae,Temnothorax,Temnothorax.curvispinosus,46,Doug Booher Collection,,Leaf Litter/ Arboreal,Omnivore,Native,Monomorphic,,
Myrmicinae,Temnothorax,Temnothorax.curvispinosus,162,Doug Booher Collection,,Leaf Litter/ Arboreal,Omnivore,Native,Monomorphic,,
Myrmicinae,Temnothorax,Temnothorax.curvispinosus,40,Doug Booher Collection,,Leaf Litter/ Arboreal,Omnivore,Native,Monomorphic,,
Myrmicinae,Temnothorax,Temnothorax.curvispinosus,26,Doug Booher Collection,,Leaf Litter/ Arboreal,Omnivore,Native,Monomorphic,,
Myrmicinae,Temnothorax,Temnothorax.curvispinosus,25,Doug Booher Collection,,Leaf Litter/ Arboreal,Omnivore,Native,Monomorphic,,
Myrmicinae,Temnothorax,Temnothorax.curvispinosus,13,Doug Booher Collection,,Leaf Litter/ Arboreal,Omnivore,Native,Monomorphic,,
Myrmicinae,Temnothorax,Temnothorax.curvispinosus,27,Doug Booher Collection,,Leaf Litter/ Arboreal,Omnivore,Native,Monomorphic,,
Myrmicinae,Temnothorax,Temnothorax.curvispinosus,50,Doug Booher Collection,,Leaf Litter/ Arboreal,Omnivore,Native,Monomorphic,,
Myrmicinae,Temnothorax,Temnothorax.curvispinosus,101,Doug Booher Collection,,Leaf Litter/ Arboreal,Omnivore,Native,Monomorphic,,
Myrmicinae,Temnothorax,Temnothorax.curvispinosus,73,Doug Booher Collection,,Leaf Litter/ Arboreal,Omnivore,Native,Monomorphic,,
Myrmicinae,Temnothorax,Temnothorax.curvispinosus,26,Doug Booher Collection,,Leaf Litter/ Arboreal,Omnivore,Native,Monomorphic,,
Myrmicinae,Temnothorax,Temnothorax.curvispinosus,29,Doug Booher Collection,,Leaf Litter/ Arboreal,Omnivore,Native,Monomorphic,,
Myrmicinae,Temnothorax,Temnothorax.curvispinosus,83,Doug Booher Collection,,Leaf Litter/ Arboreal,Omnivore,Native,Monomorphic,,
Myrmicinae,Temnothorax,Temnothorax.curvispinosus,46,Doug Booher Collection,,Leaf Litter/ Arboreal,Omnivore,Native,Monomorphic,,
Myrmicinae,Temnothorax,Temnothorax.curvispinosus,75,Doug Booher Collection,,Leaf Litter/ Arboreal,Omnivore,Native,Monomorphic,,
Myrmicinae,Temnothorax,Temnothorax.curvispinosus,84,Burchill,,Leaf Litter/ Arboreal,Omnivore,Native,Monomorphic,,
Myrmicinae,Temnothorax,Temnothorax.curvispinosus,50,Burchill,,Leaf Litter/ Arboreal,Omnivore,Native,Monomorphic,,
Myrmicinae,Temnothorax,Temnothorax.palustris,50,King,,Ground,Omnivore,Native,Monomorphic,,
Myrmicinae,Temnothorax,Temnothorax.pergandei,60,Deyrup,20-100,Ground/Leaf Litter,Omnivore,Native,Monomorphic,,
Myrmicinae,Temnothorax,Temnothorax.pergandei,50,King,,Ground/Leaf Litter,Omnivore,Native,Monomorphic,,
Myrmicinae,Temnothorax,Temnothorax.schaumii,100,Deyrup,100+,Arboreal,Omnivore,Native,Monomorphic,,
Myrmicinae,Temnothorax,Temnothorax.smithi,31,Smith 1920 via Antwiki,,Arboreal,Omnivore,Native,Monomorphic,,
Myrmicinae,Temnothorax,Temnothorax.smithi,40,Smith 1920 via Antwiki,,Arboreal,Omnivore,Native,Monomorphic,,
Myrmicinae,Temnothorax,Temnothorax.texanus,50,King,,Ground,Omnivore,Native,Monomorphic,,
Myrmicinae,Temnothorax,Temnothorax.torrei,,,,Leaf Litter,,Native,Monomorphic,"Very rare, only known from one specimen",
Myrmicinae,Trachymyrmex,Trachymyrmex.jamaicensis (Mycetomoellerius jamaicensis),150,Antwiki,"150+, hardly more than 150",Ground,Fungus Gardener,Native,Monomorphic,,
Myrmicinae,Trachymyrmex,Trachymyrmex.septentrionalis,800,Burchill,,Ground,Fungus Gardener,Native,Monomorphic,,
Myrmicinae,Trachymyrmex,Trachymyrmex.septentrionalis,300,King,,Ground,Fungus Gardener,Native,Monomorphic,,
Myrmicinae,Xenomyrmex,Xenomyrmex.floridanus,50,King,,Arboreal,Omnivore,Native,Monomorphic,,
Formicinae,Brachymyrmex,Brachymyrmex.minutus,125,Antwiki,100-150,Ground,Omnivore,Nonnative,Monomorphic,Very little known about this,
Formicinae,Brachymyrmex,Brachymyrmex.obscurior,200,King,,Ground/Leaf Litter,Omnivore,Nonnative,Monomorphic,Very weedy,
Formicinae,Brachymyrmex,Brachymyrmex.patagonicus,,,,Ground/Leaf Litter,Omnivore,Nonnative,Monomorphic,,
Formicinae,Camponotus,Camponotus.inaequalis/tortuganus (can't find image on ant web),,,,Ground,Omnivore,Nonnative,Polymorphic,Taxonomy is wonky,
Formicinae,Camponotus,Camponotus.novogranadensis (minor),,,,Arboreal,Omnivore,Nonnative,Polymorphic,,
Formicinae,Camponotus,Camponotus.novogranadensis (major),,,,Arboreal,Omnivore,Nonnative,Polymorphic,,
Formicinae,Camponotus,Camponotus.planatus (minor),,,,Arboreal/Leaf Litter,Omnivore,Nonnative,Polymorphic,Diurnal forager,Multiple queens
Formicinae,Camponotus,Camponotus.planatus (major),,,,Arboreal/Leaf Litter,Omnivore,Nonnative,Polymorphic,Diurnal forager,Multiple queens
Formicinae,Camponotus,Camponotus.sexguttatus (minor),,,,Arboreal/Leaf Litter,Omnivore,Nonnative,Polymorphic,Sap-sucking insects,
Formicinae,Camponotus,Camponotus.sexguttatus (major),,,,Arboreal/Leaf Litter,Omnivore,Nonnative,Polymorphic,Sap-sucking insects,
Myrmicinae,Cardiocondyla,Cardiocondyla.emeryi,50,King,,Ground,Omnivore,Nonnative,Monomorphic,,583
Myrmicinae,Cardiocondyla,Cardiocondyla.mauritanica,,,,Ground,Omnivore,Nonnative,Monomorphic,,377
Myrmicinae,Cardiocondyla,Cardiocondyla.minutior,50,King,"Under ""nuda"" in Josh's paper",Ground,,Nonnative,Monomorphic,,303
Myrmicinae,Cardiocondyla,Cardiocondyla.obscurior,,,,Arboreal,Herbivore,Nonnative,Monomorphic,Honey dew nectar,217
Myrmicinae,Cardiocondyla,Cardiocondyla.venustula,150,Antwiki,100-200,Ground,Omnivore,Nonnative,Monomorphic,,242
Myrmicinae,Cardiocondyla,Cardiocondyla.wroughtonii,50,King,,Leaf Litter,,Nonnative,Monomorphic,,227
Formicinae,Colobopsis,Colobopsis.riehlii,,,,Arboreal/Leaf Litter,,Nonnative,Monomorphic,,159
Myrmicinae,Crematogaster,Crematogaster.obscurata,,,,Arboreal,,Nonnative,Monomorphic,Polygyne,
Myrmicinae,Cyphomyremx,Cyphomyrmex.rimosus,100,Burchill,,Ground,Fungus Gardener,Nonnative,Monomorphic,,
Myrmicinae,Cyphomyremx,Cyphomyrmex.rimosus,150,King,,Ground,Fungus Gardener,Nonnative,Monomorphic,,
Ponerinae,Hypoponera,Hypoponera.opaciceps,50,King,,Ground/Leaf Litter,Predator,Nonnative,Monomorphic,,
Ponerinae,Hypoponera,Hypoponera.opaciceps,40,Van Pelt (1958),15-84 (avg:40),Ground/Leaf Litter,Predator,Nonnative,Monomorphic,,
Ponerinae,Hypoponera,Hypoponera.punctatissima,,,,Ground/Leaf Litter,Predator,Nonnative,Monomorphic,Polygyne and polydomous,
Dolichoderinae,Linepithema,Linepithema.humile,15000,Burchill,,Ground,Omnivore,Nonnative,Monomorphic,,
Myrmicinae,Monomorium,Monomorium.pharaonis,800,Burchill,,Ground,Omnivore,Nonnative,Monomorphic,Budding reproduction,
Myrmicinae,Monomorium,Monomorium.pharaonis,2382,Burchill,,Ground,Omnivore,Nonnative,Monomorphic,Budding reproduction,
Myrmicinae,Monomorium,"Monomorium.subcoecum (used syllophopsis subcoeca, but photos are bad)",,,,Ground,,Nonnative,Monomorphic,Polygyne,
Formicinae,Nylanderia,Nylanderia.bourbonica,200,pers comm j williams,100-300,Ground,Predator,Nonnative,Monomorphic,,
Formicinae,Nylanderia,Nylanderia.fulva,,pers comm j williams,millions?,,Omnivore,Nonnative,Monomorphic,"This forms super colonies, may need to remove from models",
Formicinae,Nylanderia,Nylanderia.pubens,200,pers comm j williams,100-300,Ground,Omnivore,Nonnative,Monomorphic,,
Formicinae,Nylanderia,Nylanderia.steinheili,143,Burchill,,Leaf Litter,,Nonnative,Monomorphic,,
Dolichoderinae,Ochetellus,Ochetellus.glaber,,,,Arboreal,Omnivore,Nonnative,Monomorphic,"Polygyne, budding",
Ponerinae,Odontomachus,Odontomachus.haematodus,500,Burchill,,Ground,Predator,Nonnative,Monomorphic,,
Ponerinae,Odontomachus,Odontomachus.ruginodis,200,King,,Ground,Predator,Nonnative,Monomorphic,,
Formicinae,Paratrechina,Paratrechina.longicornis,2000,Burchill,,Ground,Omnivore,Nonnative,Monomorphic,"budding, high affinitiy for human-areas",
Myrmicinae,Pheidole,Pheidole.flavens (Minor),,,,Ground/Arboreal,Omnivore,Nonnative,Polymorphic,,
Myrmicinae,Pheidole,Pheidole.flavens (Major),,,,Ground/Arboreal,Omnivore,Nonnative,Polymorphic,,
Myrmicinae,Pheidole,Pheidole.megacephala (Minor),,,,Ground,Omnivore,Nonnative,Polymorphic,,
Myrmicinae,Pheidole,Pheidole.megacephala (Major),,,,Ground,Omnivore,Nonnative,Polymorphic,,
Myrmicinae,Pheidole,Pheidole.navigans Minor (Deyrup called moerens),600,King,,Ground,Omnivore,Nonnative,Polymorphic,,
Myrmicinae,Pheidole,Pheidole.navigans Major (Deyrup called moerens),600,King,,Ground,Omnivore,Nonnative,Polymorphic,,
Myrmicinae,Pheidole,Pheidole.obscurithorax (Minor),10000,Deyrup,,Ground,Omnivore,Nonnative,Polymorphic,,
Myrmicinae,Pheidole,Pheidole.obscurithorax (Major),10000,Deyrup,,Ground,Omnivore,Nonnative,Polymorphic,,
Ponerinae,Platythyrea,Platythyrea.punctata,60,King,,Ground/Leaf Litter,Predator,Nonnative,Monomorphic,,
Amblyoponinae,Prionopelta,Prionopelta.antillana,,,,Ground/Leaf Litter,Predator,Nonnative,Monomorphic,,
Pseudomyrmecinae,Pseudomyrmex,Pseudomyrmex.cubaensis,,,,Arboreal,Omnivore,Nonnative,Monomorphic,,
Pseudomyrmecinae,Pseudomyrmex,Pseudomyrmex.ejectus,80,King,,Arboreal,Omnivore,Nonnative,Monomorphic,,
Pseudomyrmecinae,Pseudomyrmex,Pseudomyrmex.elongatus,80,King,,Arboreal,Omnivore,Nonnative,Monomorphic,,
Pseudomyrmecinae,Pseudomyrmex,Pseudomyrmex.gracilis,80,King,,Arboreal,Omnivore,Nonnative,Monomorphic,prey on small insects but also honey dew from sap sucking insects,
Pseudomyrmecinae,Pseudomyrmex,Pseudomyrmex.pallidus,30,King,,Arboreal,Omnivore,Nonnative,Monomorphic,,
Myrmicinae,Solenopsis,Solenopsis.geminata (Minor),28000,King,,Ground,Omnivore,Nonnative,Polymorphic,,
Myrmicinae,Solenopsis,Solenopsis.geminata (Major),28000,King,,Ground,Omnivore,Nonnative,Polymorphic,,
Myrmicinae,Solenopsis,Solenopsis.globularia,50,King,,Ground,Omnivore,Nonnative,Polymorphic,,
Myrmicinae,Solenopsis,Solenopsis.invicta (can't tell minors from majors using antweb images),100000,Burchill,,Ground,Omnivore,Nonnative,Polymorphic,Weakly polymorphic,
Myrmicinae,Solenopsis,Solenopsis.invicta (can't tell minors from majors using antweb images),220000,Burchill,,Ground,Omnivore,Nonnative,Polymorphic,Weakly polymorphic,
Myrmicinae,Solenopsis,Solenopsis.invicta (can't tell minors from majors using antweb images),150000,King,,Ground,Omnivore,Nonnative,Polymorphic,Weakly polymorphic,
Myrmicinae,Strumigenys,Strumigenys.eggersi,33,Deyrup,"25,  maximum 45",Leaf Litter,Predator,Nonnative,Monomorphic,,
Myrmicinae,Strumigenys,Strumigenys.emmae,14,Deyrup and Deyrup (1999) via Antwiki,,Leaf Litter,Predator,Nonnative,Monomorphic,,
Myrmicinae,Strumigenys,Strumigenys.emmae,42,Deyrup and Deyrup (1999) via Antwiki,,Leaf Litter,Predator,Nonnative,Monomorphic,,
Myrmicinae,Strumigenys,Strumigenys.epinotalis,121,Deyrup,,Arboreal,Predator,Nonnative,Monomorphic,Likely diurnal?,
Myrmicinae,Strumigenys,Strumigenys.gundlachi,,,,Leaf Litter,Predator,Nonnative,Monomorphic,,
Myrmicinae,Strumigenys,Strumigenys.hexamera,35,Terayama 2014 via Ant wiki,Up to 50,Ground,Predator,Nonnative,Monomorphic,Monogyne,
Myrmicinae,Strumigenys,Strumigenys.hexamera,50,Deyrup,Up to 50,Ground,Predator,Nonnative,Monomorphic,Monogyne,
Myrmicinae,Strumigenys,Strumigenys.lanuginosa,,,,Leaf Litter,Predator,Nonnative,Monomorphic,,
Myrmicinae,Strumigenys,Strumigenys.margaritae,200,Deyrup,,Leaf Litter,Predator,Nonnative,Monomorphic,,
Myrmicinae,Strumigenys,Strumigenys.margaritae,250,Deyrup,,Leaf Litter,Predator,Nonnative,Monomorphic,,
Myrmicinae,Strumigenys,Strumigenys.membranifera,350,Ito et al. 2010 via Antwiki,up to 350 indiv,Ground,Predator,Nonnative,Monomorphic,,
Myrmicinae,Strumigenys,Strumigenys.membranifera,250,Antwiki,average size,Ground,Predator,Nonnative,Monomorphic,,
Myrmicinae,Strumigenys,Strumigenys.membranifera,93,Deyrup,75-110,Ground,Predator,Nonnative,Monomorphic,,
Myrmicinae,Strumigenys,Strumigenys.rogeri,,,,Leaf Litter,Predator,Nonnative,Monomorphic,,
Myrmicinae,Strumigenys,Strumigenys.silvestrii,,,,Leaf Litter,Predator,Nonnative,Monomorphic,,
Dolichoderinae,Tapinoma,Tapinoma.melanocephalum,,,,Ground/Arboreal,Omnivore,Nonnative,Monomorphic,,
Dolichoderinae,Technomyrmex,Technomyrmex.difficilis,,,,Ground/Arboreal,Omnivore,Nonnative,Monomorphic,Likely very large sizes,
Myrmicinae,Temnothorax,Temnothorax.allardycei,60,Deyrup,,Ground/Arboreal,Omnivore,Nonnative,Monomorphic,,
Myrmicinae,Tetramorium,Tetramorium.bicarinatum,500,Booher,500+ (personal account),Ground/Arboreal,Omnivore,Nonnative,Monomorphic,,
Myrmicinae,Tetramorium,Tetramorium.caldarium,,,,Ground,Omnivore,Nonnative,Monomorphic,,
Myrmicinae,Tetramorium,Tetramorium.lanuginosum,,,,Ground,Omnivore,Nonnative,Monomorphic,,
Myrmicinae,Tetramorium,Tetramorium.simillimum,300,King,,Ground,Omnivore,Nonnative,Monomorphic,Polygyne,
Myrmicinae,Wasmannia,Wasmannia.auropunctata,839,Burchill,,Ground/Leaf Litter/Arboreal,Omnivore,Nonnative,Monomorphic,,
Myrmicinae,Wasmannia,Wasmannia.auropunctata,800,King,,Ground/Leaf Litter/Arboreal,Omnivore,Nonnative,Monomorphic,,
Myrmicinae,Aphaenogaster,Aphaenogaster.mariae,,,,Arboreal,Omnivore,Native,Monomorphic,"Possible parasite, rarely sampled",
Formicinae,Brachymyrmex,Brachymyrmex.depilis_cf,,,,,,,Monomorphic,,
Formicinae,Brachymyrmex,Brachymyrmex.sp,,,,,,,Monomorphic,,
Dolichoderinae,Dorymyrmex,Dorymyrmex.sp.,,,,,,,Monomorphic,,
Formicinae,Lasius,Lasius.umbratus,3000,Burchill,,Ground,Omnivore,Native,Monomorphic,temp nest parasite,
Myrmicinae,Monomorium,Monomorium.sp.,,,,,,,Monomorphic,,
Myrmicinae,Myrmecina,Myrmecina.sp.nov.,,,,,,,Monomorphic,,
Formicinae,Nylanderia,Nylanderia.sp.,,,,,,,Monomorphic,,
Myrmicinae,Pheidole,Pheidole.crassicornis_nr,,,,,,,Polymorphic,,
Myrmicinae,Pheidole,Pheidole.sp.,,,,,,,Polymorphic,,
,Polyergus,Polyergus.sp.,,,,,,,Monomorphic,,
Pseudomyrmecinae,Pseudomyrmex,Pseudomyrmex.sp.,,,,,,,Monomorphic,,
,,"Solenopsis.diplo ( = abdita, carolinensis, nickersoni, pergandei, tennesseensis, terricola, tonsa, validiuscula) I used carolinensis",,,,,,,,,
Myrmicinae,Solenopsis,Solenopsis.phoretica (image not avail on antweb),,,,,,,,Only one specimen,
Myrmicinae,Solenopsis,Solenopsis.pergandei,10000,King,,Ground,Predator,Native,Monomorphic,,
Myrmicinae,Strumigenys,Strumigenys.inopina QUEEN ONLY,,,,,,,Monomorphic,"Only known from queen, very rare species",
Myrmicinae,Strumigenys,Strumigenys.sp.,,,,,,,Monomorphic,,
Myrmicinae,Strumigenys,Strumigenys.wrayi(no image with eye available),,,,,,,Monomorphic,,